filename,atom1_sasa,sasa_area,sasa_volume
Hf-дл-29=CF3_30=CF3_31=CF3.xyz,6.550153043277127,479.95681363900366,849.1724333310698
Hf-дл-29=CF3_30=CF3_31=Cl.xyz,8.410196502894738,462.1984852596193,810.4280295503768
Hf-дл-29=CF3_30=CF3_31=Et.xyz,5.380125705775707,483.17877537511487,853.3288114624394
Hf-дл-29=CF3_30=CF3_31=F.xyz,8.800205615395218,451.8579987497183,787.9258953567308
Hf-дл-29=CF3_30=CF3_31=Me.xyz,7.9401855211634125,463.7587371882112,813.174467834754
Hf-дл-29=CF3_30=CF3_31=NCH3_2.xyz,5.970139491353341,495.8588740210495,882.0842987668567
Hf-дл-29=CF3_30=CF3_31=NO2.xyz,8.16019066154829,469.8060995550613,829.2241950244143
Hf-дл-29=CF3_30=CF3_31=OMe.xyz,8.310194166356167,481.3984172475527,842.3896204412221
Hf-дл-29=CF3_30=CF3_31=Ph.xyz,7.8501834182786885,530.2697823638746,949.7733597152853
Hf-дл-29=CF3_30=Cl_31=CF3.xyz,6.760157950008145,460.82856837988754,808.6776484973432
Hf-дл-29=CF3_30=Cl_31=Cl.xyz,8.310194166356167,443.6201822536911,771.524268786208
Hf-дл-29=CF3_30=Cl_31=Et.xyz,7.63017827789381,462.48037451182523,811.4071635045661
Hf-дл-29=CF3_30=Cl_31=F.xyz,8.6602023442412,435.36966739707145,750.358972570498
Hf-дл-29=CF3_30=Cl_31=Me.xyz,8.040187857701996,444.69042186345905,774.6284484122408
Hf-дл-29=CF3_30=Cl_31=NCH3_2.xyz,6.130143229815079,478.1504241324349,844.8070009485244
Hf-дл-29=CF3_30=Cl_31=NO2.xyz,8.310194166356167,453.12763615985295,792.3323060192915
Hf-дл-29=CF3_30=Cl_31=OMe.xyz,7.990186689432704,462.3199834452043,802.9531918147591
Hf-дл-29=CF3_30=Cl_31=Ph.xyz,7.990186689432704,509.211284788332,908.3512427926012
Hf-дл-29=CF3_30=Et_31=CF3.xyz,8.15019042789443,480.5788677607326,849.7312195697892
Hf-дл-29=CF3_30=Et_31=Cl.xyz,8.510198839433324,468.4303308234694,818.1428347156661
Hf-дл-29=CF3_30=Et_31=Et.xyz,7.520175707701364,492.49040491275105,864.2455493688834
Hf-дл-29=CF3_30=Et_31=F.xyz,8.85020678366451,458.93990227734787,797.0328573076372
Hf-дл-29=CF3_30=Et_31=Me.xyz,7.8501834182786885,471.0505584726047,821.9543223583867
Hf-дл-29=CF3_30=Et_31=NCH3_2.xyz,6.46015094039239,504.9605945000774,893.4436379700753
Hf-дл-29=CF3_30=Et_31=NO2.xyz,8.520199073087184,474.9179136715337,835.4185113415681
Hf-дл-29=CF3_30=Et_31=OMe.xyz,8.470197904817892,488.1503090199443,850.331935976499
Hf-дл-29=CF3_30=Et_31=Ph.xyz,7.69017967981695,523.9813451827865,945.0707451775111
Hf-дл-29=CF3_30=F_31=CF3.xyz,7.020164025008454,452.94794250446375,789.3874315674835
Hf-дл-29=CF3_30=F_31=Cl.xyz,8.640201876933478,436.37959983672454,753.2270507286869
Hf-дл-29=CF3_30=F_31=Et.xyz,8.060188325009706,453.04989840186414,789.9912050642461
Hf-дл-29=CF3_30=F_31=F.xyz,8.740204213472063,426.6890757523357,731.3485414801197
Hf-дл-29=CF3_30=F_31=Me.xyz,8.15019042789443,438.0598537274377,756.1001928795895
Hf-дл-29=CF3_30=F_31=NCH3_2.xyz,6.260146267315234,469.65995979879875,823.8309057007727
Hf-дл-29=CF3_30=F_31=NO2.xyz,8.640201876933478,444.6370909517342,772.6799960284908
Hf-дл-29=CF3_30=F_31=OMe.xyz,7.990186689432704,457.20931589144664,789.9971877106373
Hf-дл-29=CF3_30=F_31=Ph.xyz,8.300193932702307,504.8708866454301,891.2071662095245
Hf-дл-29=CF3_30=Me_31=CF3.xyz,6.690156314431129,464.05868570107623,813.8080168388328
Hf-дл-29=CF3_30=Me_31=Cl.xyz,8.580200475010338,446.3103671710987,776.3703640344067
Hf-дл-29=CF3_30=Me_31=Et.xyz,7.680179446163103,464.9905297427238,816.3564834919581
Hf-дл-29=CF3_30=Me_31=F.xyz,8.750204447125924,438.1098715961705,756.1252402831909
Hf-дл-29=CF3_30=Me_31=Me.xyz,8.000186923086567,448.60056978974006,779.7162266423329
Hf-дл-29=CF3_30=Me_31=NCH3_2.xyz,6.46015094039239,478.45068089710725,845.5404548091075
Hf-дл-29=CF3_30=Me_31=NO2.xyz,8.540199540394907,453.9779421864807,794.6388303032065
Hf-дл-29=CF3_30=Me_31=OMe.xyz,8.330194633663876,466.9702712300668,809.4055058357113
Hf-дл-29=CF3_30=Me_31=Ph.xyz,7.900184586547981,516.251538083146,917.1118093319061
Hf-дл-29=CF3_30=NCH3_2_31=CF3.xyz,8.040187857701996,493.2989388089901,879.1248761372215
Hf-дл-29=CF3_30=NCH3_2_31=Cl.xyz,8.230192297125292,477.2504615238598,843.8902967288062
Hf-дл-29=CF3_30=NCH3_2_31=Et.xyz,7.500175240393656,493.67048665003483,880.9780196942202
Hf-дл-29=CF3_30=NCH3_2_31=F.xyz,8.36019533462546,470.76999580596555,826.7023757852229
Hf-дл-29=CF3_30=NCH3_2_31=Me.xyz,7.820182717317105,480.5406351540847,848.6274810876373
Hf-дл-29=CF3_30=NCH3_2_31=NCH3_2.xyz,5.650132014429878,513.5306941555036,919.0338171396359
Hf-дл-29=CF3_30=NCH3_2_31=NO2.xyz,7.910184820201842,482.9082576697133,859.5507291293959
Hf-дл-29=CF3_30=NCH3_2_31=OMe.xyz,8.16019066154829,493.5205400060843,872.2542401513576
Hf-дл-29=CF3_30=NCH3_2_31=Ph.xyz,7.700179913470811,541.7614469744523,981.2373333562037
Hf-дл-29=CF3_30=NO2_31=CF3.xyz,6.760157950008145,469.40618356096803,829.0123116129556
Hf-дл-29=CF3_30=NO2_31=Cl.xyz,8.63020164327963,448.8679162536466,787.4274877880852
Hf-дл-29=CF3_30=NO2_31=Et.xyz,5.110119397121536,479.1280420971269,840.0361980239286
Hf-дл-29=CF3_30=NO2_31=F.xyz,8.870207250972218,441.6972531069033,768.2870897375235
Hf-дл-29=CF3_30=NO2_31=Me.xyz,7.900184586547981,452.7980992928648,791.9166493282927
Hf-дл-29=CF3_30=NO2_31=NCH3_2.xyz,6.090142295199648,484.29834310798134,860.8827419015112
Hf-дл-29=CF3_30=NO2_31=NO2.xyz,8.62020140962577,458.9555358163242,808.9810591309
Hf-дл-29=CF3_30=NO2_31=OMe.xyz,7.930185287509551,469.1575784710578,819.048774409536
Hf-дл-29=CF3_30=NO2_31=Ph.xyz,8.070188558663567,512.2793401462458,920.1102599868605
Hf-дл-29=CF3_30=OMe_31=CF3.xyz,8.440197203856323,470.39870496249887,830.2426016606486
Hf-дл-29=CF3_30=OMe_31=Cl.xyz,9.010210522126235,458.8199724120526,800.6246179380754
Hf-дл-29=CF3_30=OMe_31=Et.xyz,8.070188558663567,476.0501821033886,839.2365065126085
Hf-дл-29=CF3_30=OMe_31=F.xyz,9.340218232703558,451.43953306488834,781.6802028003481
Hf-дл-29=CF3_30=OMe_31=Me.xyz,8.38019580193317,461.2102268429917,804.104638033251
Hf-дл-29=CF3_30=OMe_31=NCH3_2.xyz,6.330147902892235,498.5603875739483,876.7706623217833
Hf-дл-29=CF3_30=OMe_31=NO2.xyz,9.100212625010958,467.35766057126096,820.140960637088
Hf-дл-29=CF3_30=OMe_31=OMe.xyz,7.410173137508932,484.1495775022874,833.2628678804938
Hf-дл-29=CF3_30=OMe_31=Ph.xyz,8.250192764433015,519.4011727463652,932.2921305248626
Hf-дл-29=CF3_30=Ph_31=CF3.xyz,7.870183885586397,521.059743267101,938.3071398555174
Hf-дл-29=CF3_30=Ph_31=Cl.xyz,8.63020164327963,505.62126173602934,903.0124652394516
Hf-дл-29=CF3_30=Ph_31=Et.xyz,7.63017827789381,521.3812249627687,940.7562305259307
Hf-дл-29=CF3_30=Ph_31=F.xyz,8.92020841924151,505.5409508776632,892.493146437384
Hf-дл-29=CF3_30=Ph_31=Me.xyz,8.140190194240569,510.07143903701234,908.0186119181925
Hf-дл-29=CF3_30=Ph_31=NCH3_2.xyz,5.620131313468308,542.2614590696179,980.802333887693
Hf-дл-29=CF3_30=Ph_31=NO2.xyz,8.370195568279307,513.1092275972086,921.0924509937466
Hf-дл-29=CF3_30=Ph_31=OMe.xyz,7.8501834182786885,529.641206860021,941.3643966966008
Hf-дл-29=CF3_30=Ph_31=Ph.xyz,8.050188091355844,564.0322198195739,1033.539422760648
Hf-дл-29=Cl_30=CF3_31=CF3.xyz,6.720157015392713,461.5586266819445,808.849849949052
Hf-дл-29=Cl_30=CF3_31=Cl.xyz,8.560200007702615,443.9902634576623,770.9305117058559
Hf-дл-29=Cl_30=CF3_31=Et.xyz,5.460127575006583,464.370588065813,812.297887367858
Hf-дл-29=Cl_30=CF3_31=F.xyz,8.900207951933801,434.41978268049616,749.0117069938166
Hf-дл-29=Cl_30=CF3_31=Me.xyz,8.040187857701996,445.4105362175974,772.7842836413639
Hf-дл-29=Cl_30=CF3_31=NCH3_2.xyz,6.050141360584217,476.5206940908097,840.6965158362584
Hf-дл-29=Cl_30=CF3_31=NO2.xyz,8.330194633663876,451.8979010163407,789.876153431549
Hf-дл-29=Cl_30=CF3_31=OMe.xyz,8.330194633663876,463.30020971832425,802.5461819011368
Hf-дл-29=Cl_30=CF3_31=Ph.xyz,8.050188091355844,511.6215750281577,909.716334739545
Hf-дл-29=Cl_30=Cl_31=CF3.xyz,6.500151875007835,445.3501944948673,772.4294360124578
Hf-дл-29=Cl_30=Cl_31=Cl.xyz,8.38019580193317,427.2819427784804,733.8084283377545
Hf-дл-29=Cl_30=Cl_31=Et.xyz,7.530175941355226,445.72214005722947,774.2868418225618
Hf-дл-29=Cl_30=Cl_31=F.xyz,8.720203746164355,416.13144709677965,709.68272243033
Hf-дл-29=Cl_30=Cl_31=Me.xyz,7.810182483663257,428.2621886428961,735.6609505536164
Hf-дл-29=Cl_30=Cl_31=NCH3_2.xyz,6.070141827891925,460.67226243537584,805.4469376601506
Hf-дл-29=Cl_30=Cl_31=NO2.xyz,8.39019603558703,434.6094511172376,752.3380792677342
Hf-дл-29=Cl_30=Cl_31=OMe.xyz,8.130189960586721,443.3818019556257,761.9766219446451
Hf-дл-29=Cl_30=Cl_31=Ph.xyz,7.9401855211634125,494.94316367131665,871.8918785828981
Hf-дл-29=Cl_30=Et_31=CF3.xyz,6.760157950008145,462.29054788472774,810.0111755807275
Hf-дл-29=Cl_30=Et_31=Cl.xyz,8.550199774048755,445.0821776536186,773.437316954906
Hf-дл-29=Cl_30=Et_31=Et.xyz,7.640178511547658,462.86228986466267,812.3068871838361
Hf-дл-29=Cl_30=Et_31=F.xyz,8.63020164327963,447.3915416821286,764.1873354092513
Hf-дл-29=Cl_30=Et_31=Me.xyz,7.800182250009396,451.8323650452734,781.2614307271886
Hf-дл-29=Cl_30=Et_31=NCH3_2.xyz,5.960139257699493,481.16241021860867,847.4311896761067
Hf-дл-29=Cl_30=Et_31=NO2.xyz,8.19019136250986,454.94003451393195,793.1850288260418
Hf-дл-29=Cl_30=Et_31=OMe.xyz,8.110189493278998,474.5019222135814,816.5117947065414
Hf-дл-29=Cl_30=Et_31=Ph.xyz,8.060188325009706,508.7732769507985,908.019395886018
Hf-дл-29=Cl_30=F_31=CF3.xyz,6.93016192212373,432.15986855005696,746.3851113169455
Hf-дл-29=Cl_30=F_31=Cl.xyz,8.560200007702615,415.15147746398054,708.959403963602
Hf-дл-29=Cl_30=F_31=Et.xyz,7.89018435289412,432.3717312435647,746.686747262114
Hf-дл-29=Cl_30=F_31=F.xyz,8.560200007702615,406.07094074163876,686.8712406586842
Hf-дл-29=Cl_30=F_31=Me.xyz,7.600177576932227,421.05162358100023,717.3795888372847
Hf-дл-29=Cl_30=F_31=NCH3_2.xyz,5.980139725007202,453.40179993541864,786.9042409490072
Hf-дл-29=Cl_30=F_31=NO2.xyz,8.060188325009706,420.63917151553164,724.464314690501
Hf-дл-29=Cl_30=F_31=OMe.xyz,7.960185988471121,433.361348207471,738.5828522072788
Hf-дл-29=Cl_30=F_31=Ph.xyz,8.290193699048446,480.9727497228877,845.4004948393363
Hf-дл-29=Cl_30=Me_31=CF3.xyz,6.660155613469559,446.07047949201564,774.2125531007042
Hf-дл-29=Cl_30=Me_31=Cl.xyz,8.550199774048755,428.4221830695998,736.4369731587174
Hf-дл-29=Cl_30=Me_31=Et.xyz,7.69017967981695,446.4723390621911,775.8693060140772
Hf-дл-29=Cl_30=Me_31=F.xyz,8.540199540394907,419.43164159227626,715.0471936619725
Hf-дл-29=Cl_30=Me_31=Me.xyz,7.830182950970967,431.28238917042995,740.9103198077867
Hf-дл-29=Cl_30=Me_31=NCH3_2.xyz,6.010140425968772,464.252428160384,809.8082687881276
Hf-дл-29=Cl_30=Me_31=NO2.xyz,8.130189960586721,432.2899532082985,749.435578377864
Hf-дл-29=Cl_30=Me_31=OMe.xyz,8.16019066154829,446.69203407299534,767.5061848341145
Hf-дл-29=Cl_30=Me_31=Ph.xyz,8.030187624048136,493.7632742326546,871.9918044401502
Hf-дл-29=Cl_30=NCH3_2_31=CF3.xyz,8.280193465394584,474.80067609075564,838.2088010498939
Hf-дл-29=Cl_30=NCH3_2_31=Cl.xyz,8.580200475010338,459.2422219948699,803.4169080644201
Hf-дл-29=Cl_30=NCH3_2_31=Et.xyz,7.500175240393656,472.38233892524124,836.824680313412
Hf-дл-29=Cl_30=NCH3_2_31=F.xyz,8.550199774048755,452.00174118988264,783.9660553805898
Hf-дл-29=Cl_30=NCH3_2_31=Me.xyz,7.590177343278379,458.9324614467357,803.7834984575973
Hf-дл-29=Cl_30=NCH3_2_31=NCH3_2.xyz,5.7201336500068924,494.0625292881736,876.5042824030168
Hf-дл-29=Cl_30=NCH3_2_31=NO2.xyz,8.240192530779153,463.60017226272134,817.6256774282491
Hf-дл-29=Cl_30=NCH3_2_31=OMe.xyz,7.89018435289412,479.3020988910001,835.9782758455563
Hf-дл-29=Cl_30=NCH3_2_31=Ph.xyz,7.840183184624827,522.3033796404626,939.1654512096559
Hf-дл-29=Cl_30=NO2_31=CF3.xyz,6.810159118277436,451.1779775755614,789.0022627742185
Hf-дл-29=Cl_30=NO2_31=Cl.xyz,8.710203512510493,432.7296364327642,750.3262252292043
Hf-дл-29=Cl_30=NO2_31=Et.xyz,7.810182483663257,449.8799494053283,788.0763958008949
Hf-дл-29=Cl_30=NO2_31=F.xyz,8.900207951933801,423.4389503125286,727.4403984190358
Hf-дл-29=Cl_30=NO2_31=Me.xyz,7.970186222124982,435.0198884559389,752.3822964137936
Hf-дл-29=Cl_30=NO2_31=NCH3_2.xyz,6.300147201930665,466.0401376209635,820.7863291464198
Hf-дл-29=Cl_30=NO2_31=NO2.xyz,8.780205148087495,441.6772830017247,770.4287860740737
Hf-дл-29=Cl_30=NO2_31=OMe.xyz,8.140190194240569,451.39933070594395,780.5629799142744
Hf-дл-29=Cl_30=NO2_31=Ph.xyz,8.140190194240569,497.57107215341534,884.5271972337664
Hf-дл-29=Cl_30=OMe_31=CF3.xyz,8.39019603558703,453.4303886239794,790.9939024803596
Hf-дл-29=Cl_30=OMe_31=Cl.xyz,9.140213559626389,443.0717386225465,761.4074759732039
Hf-дл-29=Cl_30=OMe_31=Et.xyz,7.870183885586397,459.39208366162666,798.1954377383503
Hf-дл-29=Cl_30=OMe_31=F.xyz,8.610201175971909,436.181197600996,741.7715796651005
Hf-дл-29=Cl_30=OMe_31=Me.xyz,7.780181782701674,447.40205860190173,767.9521508558884
Hf-дл-29=Cl_30=OMe_31=NCH3_2.xyz,6.740157482700422,474.0222052945359,830.5232208042194
Hf-дл-29=Cl_30=OMe_31=NO2.xyz,9.050211456741666,449.79934341845023,778.8062844987901
Hf-дл-29=Cl_30=OMe_31=OMe.xyz,7.510175474047503,464.91133708707855,792.3463458796987
Hf-дл-29=Cl_30=OMe_31=Ph.xyz,8.270193231740736,501.83301956240007,892.7010015072583
Hf-дл-29=Cl_30=Ph_31=CF3.xyz,6.070141827891925,508.141378144001,905.4372881073804
Hf-дл-29=Cl_30=Ph_31=Cl.xyz,8.460197671164032,490.523029380352,866.963330730972
Hf-дл-29=Cl_30=Ph_31=Et.xyz,7.69017967981695,500.3830973573128,896.76673762639
Hf-дл-29=Cl_30=Ph_31=F.xyz,8.490198372125615,481.0325906282174,844.4430138139512
Hf-дл-29=Cl_30=Ph_31=Me.xyz,8.050188091355844,491.6032861865566,868.1399263214197
Hf-дл-29=Cl_30=Ph_31=NCH3_2.xyz,6.450150706738542,518.6530993285261,932.2220372876749
Hf-дл-29=Cl_30=Ph_31=NO2.xyz,8.060188325009706,492.50113109636084,878.3116759286681
Hf-дл-29=Cl_30=Ph_31=OMe.xyz,7.870183885586397,512.2330398002586,900.620631990757
Hf-дл-29=Cl_30=Ph_31=Ph.xyz,8.060188325009706,544.8540114552966,992.0968376968885
Hf-дл-29=Et_30=CF3_31=CF3.xyz,6.470151174046251,481.09876653201377,851.0572966274717
Hf-дл-29=Et_30=CF3_31=Cl.xyz,8.39019603558703,462.1005017609773,810.5837111654511
Hf-дл-29=Et_30=CF3_31=Et.xyz,5.300123836544844,483.29080177390097,853.8445406258359
Hf-дл-29=Et_30=CF3_31=F.xyz,8.840206550010649,451.70002394158666,787.9510400906136
Hf-дл-29=Et_30=CF3_31=Me.xyz,7.880184119240258,463.3307508227139,812.383865052539
Hf-дл-29=Et_30=CF3_31=NCH3_2.xyz,5.730133883660754,495.53089586282704,881.9882516960337
Hf-дл-29=Et_30=CF3_31=NO2.xyz,8.110189493278998,470.398086198594,830.1261480962337
Hf-дл-29=Et_30=CF3_31=OMe.xyz,8.140190194240569,480.6404214300286,841.2123460532391
Hf-дл-29=Et_30=CF3_31=Ph.xyz,7.820182717317105,529.9617998992982,949.4365998469551
Hf-дл-29=Et_30=Cl_31=CF3.xyz,6.830159585585146,462.87044392045095,811.2415283636956
Hf-дл-29=Et_30=Cl_31=Cl.xyz,8.690203045202772,444.9021610569289,773.6024492066882
Hf-дл-29=Et_30=Cl_31=Et.xyz,7.9401855211634125,462.8723283854839,812.1493709619463
Hf-дл-29=Et_30=Cl_31=F.xyz,9.020210755780095,434.9417067617785,751.4214160961909
Hf-дл-29=Et_30=Cl_31=Me.xyz,8.120189726932859,446.21239827402155,775.3330270400561
Hf-дл-29=Et_30=Cl_31=NCH3_2.xyz,5.760134584622324,479.17251246224913,845.7444051579289
Hf-дл-29=Et_30=Cl_31=NO2.xyz,8.430196970202461,452.86967076267507,792.4486271668461
Hf-дл-29=Et_30=Cl_31=OMe.xyz,8.100189259625138,460.1520980682823,798.8123633723053
Hf-дл-29=Et_30=Cl_31=Ph.xyz,8.140190194240569,515.4033636745206,914.0064757920748
Hf-дл-29=Et_30=Et_31=CF3.xyz,6.420150005776959,486.7006397623939,856.4562682195483
Hf-дл-29=Et_30=Et_31=Cl.xyz,8.540199540394907,468.30236746474833,817.3813103574267
Hf-дл-29=Et_30=Et_31=Et.xyz,7.40017290385507,482.8025852075415,853.5532485469985
Hf-дл-29=Et_30=Et_31=F.xyz,8.89020771827994,458.0119337677819,796.0626793548637
Hf-дл-29=Et_30=Et_31=Me.xyz,7.900184586547981,470.95259775268033,821.6492972648163
Hf-дл-29=Et_30=Et_31=NCH3_2.xyz,5.590130612506737,502.0626817974114,890.7110978297436
Hf-дл-29=Et_30=Et_31=NO2.xyz,8.4201967365486,476.1499084640778,836.9288347200663
Hf-дл-29=Et_30=Et_31=OMe.xyz,8.5902007086642,487.3023474178143,849.1349749208699
Hf-дл-29=Et_30=Et_31=Ph.xyz,7.610177810586088,535.9235793631708,956.1887463905346
Hf-дл-29=Et_30=F_31=CF3.xyz,8.310194166356167,447.98026707327375,782.0805107920457
Hf-дл-29=Et_30=F_31=Cl.xyz,8.86020701731837,437.1516568908311,753.9451999337882
Hf-дл-29=Et_30=F_31=Et.xyz,8.010187156740413,449.79199778178975,784.9085874042339
Hf-дл-29=Et_30=F_31=F.xyz,9.030210989433957,426.74109112872367,731.1681396045452
Hf-дл-29=Et_30=F_31=Me.xyz,8.220192063471444,437.74191233391116,755.2488569487723
Hf-дл-29=Et_30=F_31=NCH3_2.xyz,6.720157015392713,470.4120526634525,823.940967263719
Hf-дл-29=Et_30=F_31=NO2.xyz,8.89020771827994,445.8590952987401,773.8240591360004
Hf-дл-29=Et_30=F_31=OMe.xyz,8.180191128856013,458.6912103010469,784.5093302212425
Hf-дл-29=Et_30=F_31=Ph.xyz,8.6602023442412,502.9829085654612,887.7826280626259
Hf-дл-29=Et_30=Me_31=CF3.xyz,6.7001565480849905,464.50070240605436,814.0759656644143
Hf-дл-29=Et_30=Me_31=Cl.xyz,8.700203278856632,446.4824005671085,776.1916831519554
Hf-дл-29=Et_30=Me_31=Et.xyz,7.680179446163103,460.7925695894174,810.8329897812733
Hf-дл-29=Et_30=Me_31=F.xyz,8.760204680779786,437.10190604871076,755.1601182924172
Hf-дл-29=Et_30=Me_31=Me.xyz,8.040187857701996,448.95260010384266,780.1833692694364
Hf-дл-29=Et_30=Me_31=NCH3_2.xyz,6.040141126930355,481.6426611759936,849.4392903297086
Hf-дл-29=Et_30=Me_31=NO2.xyz,8.65020211058734,454.54992504221025,794.8290017918919
Hf-дл-29=Et_30=Me_31=OMe.xyz,8.430196970202461,465.902317065066,808.0368800056682
Hf-дл-29=Et_30=Me_31=Ph.xyz,7.89018435289412,515.8435507496187,916.2083975070499
Hf-дл-29=Et_30=NCH3_2_31=CF3.xyz,8.100189259625138,491.3911237196163,876.5990470377549
Hf-дл-29=Et_30=NCH3_2_31=Cl.xyz,8.810205849049078,478.4324792498629,845.1522431815248
Hf-дл-29=Et_30=NCH3_2_31=Et.xyz,7.730180614432381,491.73260133885987,878.8484409035955
Hf-дл-29=Et_30=NCH3_2_31=F.xyz,8.640201876933478,470.67196979171945,822.6200589195179
Hf-дл-29=Et_30=NCH3_2_31=Me.xyz,8.170190895202152,480.13271071685165,847.4716367219783
Hf-дл-29=Et_30=NCH3_2_31=NCH3_2.xyz,6.590153977892558,508.1626675329913,912.246341213625
Hf-дл-29=Et_30=NCH3_2_31=NO2.xyz,7.9401855211634125,483.4705897950926,859.0786356751614
Hf-дл-29=Et_30=NCH3_2_31=OMe.xyz,8.16019066154829,501.60242002579355,877.83567543641
Hf-дл-29=Et_30=NCH3_2_31=Ph.xyz,8.180191128856013,539.0936063934618,976.9906417727173
Hf-дл-29=Et_30=NO2_31=CF3.xyz,6.820159351931298,469.8081781169502,829.7971006461842
Hf-дл-29=Et_30=NO2_31=Cl.xyz,8.720203746164355,449.8399359770964,788.45776209415
Hf-дл-29=Et_30=NO2_31=Et.xyz,5.470127808660431,472.35032152697636,832.552067120001
Hf-дл-29=Et_30=NO2_31=F.xyz,8.820206082702926,441.57930514045484,768.1223263905598
Hf-дл-29=Et_30=NO2_31=Me.xyz,7.910184820201842,452.6701395576587,791.9171915223756
Hf-дл-29=Et_30=NO2_31=NCH3_2.xyz,5.9301385567379095,483.8603743462687,859.8550526204955
Hf-дл-29=Et_30=NO2_31=NO2.xyz,8.38019580193317,456.82750614248556,806.3979204987455
Hf-дл-29=Et_30=NO2_31=OMe.xyz,7.990186689432704,466.85974023883074,817.7563085442548
Hf-дл-29=Et_30=NO2_31=Ph.xyz,8.070188558663567,512.3013815505763,920.0513326341651
Hf-дл-29=Et_30=OMe_31=CF3.xyz,8.450197437510184,470.8107401991785,830.2238690523719
Hf-дл-29=Et_30=OMe_31=Cl.xyz,9.100212625010958,459.1520280335961,800.5130395499942
Hf-дл-29=Et_30=OMe_31=Et.xyz,7.89018435289412,478.45211966095417,840.4630784160261
Hf-дл-29=Et_30=OMe_31=F.xyz,9.36021870001128,450.2615788840957,779.8171429871885
Hf-дл-29=Et_30=OMe_31=Me.xyz,8.470197904817892,461.5422284405206,804.5686612359635
Hf-дл-29=Et_30=OMe_31=NCH3_2.xyz,5.70013318269917,501.15217304577243,878.8382384917962
Hf-дл-29=Et_30=OMe_31=NO2.xyz,9.100212625010958,467.16970073206244,819.7094916678132
Hf-дл-29=Et_30=OMe_31=OMe.xyz,7.550176408662934,484.83163274439767,835.6407418694107
Hf-дл-29=Et_30=OMe_31=Ph.xyz,8.230192297125292,520.3331943099785,933.4441050680288
Hf-дл-29=Et_30=Ph_31=CF3.xyz,7.840183184624827,521.8218021941387,939.6099135214346
Hf-дл-29=Et_30=Ph_31=Cl.xyz,8.710203512510493,508.0033175092756,906.1814287260088
Hf-дл-29=Et_30=Ph_31=Et.xyz,7.640178511547658,522.5532811050607,941.3242880598328
Hf-дл-29=Et_30=Ph_31=F.xyz,8.92020841924151,504.65299922360185,891.2162225725681
Hf-дл-29=Et_30=Ph_31=Me.xyz,8.110189493278998,511.26352367501727,909.2766704975752
Hf-дл-29=Et_30=Ph_31=NCH3_2.xyz,6.320147669238388,536.2733328162458,972.3510811633986
Hf-дл-29=Et_30=Ph_31=NO2.xyz,8.39019603558703,513.7612205264714,921.853606291455
Hf-дл-29=Et_30=Ph_31=OMe.xyz,8.570200241356478,532.7434598131202,943.4978210742956
Hf-дл-29=Et_30=Ph_31=Ph.xyz,7.9401855211634125,563.7342890444402,1033.038907970572
Hf-дл-29=F_30=CF3_31=CF3.xyz,6.740157482700422,451.0980545934649,786.3974850056441
Hf-дл-29=F_30=CF3_31=Cl.xyz,8.540199540394907,433.72969167216166,748.5049433985789
Hf-дл-29=F_30=CF3_31=Et.xyz,5.510128743275861,454.549996002972,790.9743813633967
Hf-дл-29=F_30=CF3_31=F.xyz,8.820206082702926,423.9891899411801,726.3438789355974
Hf-дл-29=F_30=CF3_31=Me.xyz,8.040187857701996,434.8199437428318,749.9727353090451
Hf-дл-29=F_30=CF3_31=NCH3_2.xyz,6.060141594238065,466.1701114774645,818.2563254948406
Hf-дл-29=F_30=CF3_31=NO2.xyz,8.240192530779153,441.45731414812434,767.1280340578652
Hf-дл-29=F_30=CF3_31=OMe.xyz,8.300193932702307,452.71961061439293,779.7080149090498
Hf-дл-29=F_30=CF3_31=Ph.xyz,8.000186923086567,501.43101051741905,887.5872400452358
Hf-дл-29=F_30=Cl_31=CF3.xyz,8.240192530779153,428.6699504231653,740.2541511818945
Hf-дл-29=F_30=Cl_31=Cl.xyz,8.370195568279307,417.09136445964793,711.7119738006489
Hf-дл-29=F_30=Cl_31=Et.xyz,7.700179913470811,435.5915786238186,751.940647069608
Hf-дл-29=F_30=Cl_31=F.xyz,8.720203746164355,406.2808665280683,687.8518574064461
Hf-дл-29=F_30=Cl_31=Me.xyz,7.820182717317105,418.1115997419285,713.7071530455638
Hf-дл-29=F_30=Cl_31=NCH3_2.xyz,6.120142996161218,449.56167853372307,782.1295947612186
Hf-дл-29=F_30=Cl_31=NO2.xyz,8.060188325009706,419.289144147493,723.5111487064071
Hf-дл-29=F_30=Cl_31=OMe.xyz,8.020187390394275,433.52119869312685,740.3171893096454
Hf-дл-29=F_30=Cl_31=Ph.xyz,8.100189259625138,482.70259700814154,847.2741358894679
Hf-дл-29=F_30=Et_31=CF3.xyz,6.730157249046574,451.9299951734793,787.8569407497357
Hf-дл-29=F_30=Et_31=Cl.xyz,8.560200007702615,440.1315433349276,756.140684689143
Hf-дл-29=F_30=Et_31=Et.xyz,5.490128275968153,461.7016884807607,801.1477555542996
Hf-дл-29=F_30=Et_31=F.xyz,8.720203746164355,430.83112246139353,735.3236474102944
Hf-дл-29=F_30=Et_31=Me.xyz,7.880184119240258,442.481766082583,759.2632965572544
Hf-дл-29=F_30=Et_31=NCH3_2.xyz,6.050141360584217,471.3918414287104,826.3151683986691
Hf-дл-29=F_30=Et_31=NO2.xyz,8.470197904817892,447.2391178248921,774.822183249846
Hf-дл-29=F_30=Et_31=OMe.xyz,8.070188558663567,464.54134031808076,794.4345232873554
Hf-дл-29=F_30=Et_31=Ph.xyz,8.09018902597129,497.552704926408,884.8028502877128
Hf-дл-29=F_30=F_31=CF3.xyz,8.15019042789443,418.81938321805126,717.947796002438
Hf-дл-29=F_30=F_31=Cl.xyz,8.990210054818526,408.0808456969722,689.8702565216649
Hf-дл-29=F_30=F_31=Et.xyz,7.900184586547981,421.06112435904765,721.8709644964097
Hf-дл-29=F_30=F_31=F.xyz,8.490198372125615,397.51032181695473,664.9948658145971
Hf-дл-29=F_30=F_31=Me.xyz,8.200191596163721,408.67115966317056,691.5663746796685
Hf-дл-29=F_30=F_31=NCH3_2.xyz,7.090165660585469,440.2012147272511,758.5635615548629
Hf-дл-29=F_30=F_31=NO2.xyz,8.790205381741355,414.9183702925966,707.3272391674639
Hf-дл-29=F_30=F_31=OMe.xyz,7.900184586547981,427.6504306338473,718.6363593625031
Hf-дл-29=F_30=F_31=Ph.xyz,8.780205148087495,469.5720295053007,818.8134074769731
Hf-дл-29=F_30=Me_31=CF3.xyz,7.2901703336626245,434.70999459399036,750.7928113487508
Hf-дл-29=F_30=Me_31=Cl.xyz,8.63020164327963,417.9415523624141,714.3313536086044
Hf-дл-29=F_30=Me_31=Et.xyz,7.740180848086243,433.3918937449149,748.0914940883547
Hf-дл-29=F_30=Me_31=F.xyz,8.440197203856323,408.7410419279827,691.6265742058661
Hf-дл-29=F_30=Me_31=Me.xyz,8.050188091355844,420.501761920939,717.7156172603884
Hf-дл-29=F_30=Me_31=NCH3_2.xyz,6.030140893276494,453.00189277790247,787.1178752147354
Hf-дл-29=F_30=Me_31=NO2.xyz,8.39019603558703,426.7291357703017,734.2856544808841
Hf-дл-29=F_30=Me_31=OMe.xyz,8.040187857701996,436.5614470544063,745.3783052665775
Hf-дл-29=F_30=Me_31=Ph.xyz,8.470197904817892,481.51275116671246,846.1754981147816
Hf-дл-29=F_30=NCH3_2_31=CF3.xyz,8.440197203856323,464.68017134516646,815.9584915619273
Hf-дл-29=F_30=NCH3_2_31=Cl.xyz,8.640201876933478,448.67171401363134,781.1477181548648
Hf-дл-29=F_30=NCH3_2_31=Et.xyz,7.750181081740104,464.0217629891826,816.7203693172582
Hf-дл-29=F_30=NCH3_2_31=F.xyz,8.510198839433324,441.50116376573203,761.5228759251787
Hf-дл-29=F_30=NCH3_2_31=Me.xyz,7.520175707701364,451.3018670815859,783.6917617788564
Hf-дл-29=F_30=NCH3_2_31=NCH3_2.xyz,5.730133883660754,484.5319464590329,855.0879249661472
Hf-дл-29=F_30=NCH3_2_31=NO2.xyz,8.320194400010015,453.36962760388326,794.9333421952833
Hf-дл-29=F_30=NCH3_2_31=OMe.xyz,8.100189259625138,469.31154856134197,813.0303348528956
Hf-дл-29=F_30=NCH3_2_31=Ph.xyz,7.92018505385569,511.92283022937227,916.9099944547662
Hf-дл-29=F_30=NO2_31=CF3.xyz,6.860160286546729,440.7774033210891,766.7792176913457
Hf-дл-29=F_30=NO2_31=Cl.xyz,8.710203512510493,420.3591061950788,724.768275303989
Hf-дл-29=F_30=NO2_31=Et.xyz,5.490128275968153,444.47947714829326,770.7937926006639
Hf-дл-29=F_30=NO2_31=F.xyz,8.930208652895372,413.3984622971274,705.7145423857288
Hf-дл-29=F_30=NO2_31=Me.xyz,7.950185754817273,424.44930087731797,729.7255490152264
Hf-дл-29=F_30=NO2_31=NCH3_2.xyz,6.170144164430511,455.08955569730887,797.2087792347387
Hf-дл-29=F_30=NO2_31=NO2.xyz,8.570200241356478,429.346681986041,745.2293513910075
Hf-дл-29=F_30=NO2_31=OMe.xyz,8.020187390394275,439.5988783744513,756.9947975631969
Hf-дл-29=F_30=NO2_31=Ph.xyz,8.210191829817584,483.8005659225169,857.9208228866578
Hf-дл-29=F_30=OMe_31=CF3.xyz,8.36019533462546,441.3297825762929,766.5271193329252
Hf-дл-29=F_30=OMe_31=Cl.xyz,9.090212391357097,430.64119984535165,736.9565210388603
Hf-дл-29=F_30=OMe_31=Et.xyz,7.760181315393965,449.41136123375213,777.1146391308267
Hf-дл-29=F_30=OMe_31=F.xyz,8.260192998086875,423.5607186002841,716.3524632831869
Hf-дл-29=F_30=OMe_31=Me.xyz,7.820182717317105,437.02137793805673,744.9420075549947
Hf-дл-29=F_30=OMe_31=NCH3_2.xyz,5.750134350968462,470.2814092978102,813.7113833745719
Hf-дл-29=F_30=OMe_31=NO2.xyz,8.780205148087495,438.94871113266856,754.9201122101988
Hf-дл-29=F_30=OMe_31=OMe.xyz,7.520175707701364,452.850799260806,768.183236079288
Hf-дл-29=F_30=OMe_31=Ph.xyz,8.280193465394584,491.5523610045105,870.8847683765782
Hf-дл-29=F_30=Ph_31=CF3.xyz,7.960185988471121,492.83096694982936,876.8777153982679
Hf-дл-29=F_30=Ph_31=Cl.xyz,8.750204447125924,476.70248569570714,840.456789092891
Hf-дл-29=F_30=Ph_31=Et.xyz,7.66017897885538,490.5225356493497,875.1514463169453
Hf-дл-29=F_30=Ph_31=F.xyz,8.480198138471753,472.9621181287259,824.1666702779635
Hf-дл-29=F_30=Ph_31=Me.xyz,8.19019136250986,480.87266778765706,844.7854550220325
Hf-дл-29=F_30=Ph_31=NCH3_2.xyz,6.4901516413539735,508.6125441369955,910.7527070594825
Hf-дл-29=F_30=Ph_31=NO2.xyz,8.250192764433015,480.9605965806015,853.6924343497901
Hf-дл-29=F_30=Ph_31=OMe.xyz,7.9401855211634125,500.0124583948655,875.5423151397082
Hf-дл-29=F_30=Ph_31=Ph.xyz,8.09018902597129,534.3534458493966,969.687572679594
Hf-дл-29=Me_30=CF3_31=CF3.xyz,6.650155379815699,463.78886108734406,813.0097684633309
Hf-дл-29=Me_30=CF3_31=Cl.xyz,8.500198605779463,446.42050604658704,775.1845092283972
Hf-дл-29=Me_30=CF3_31=Et.xyz,5.460127575006583,466.74081337478293,816.722644447802
Hf-дл-29=Me_30=CF3_31=F.xyz,8.830206316356787,436.4300249460824,752.9389280680191
Hf-дл-29=Me_30=CF3_31=Me.xyz,8.060188325009706,447.4007656148752,776.5932024438698
Hf-дл-29=Me_30=CF3_31=NCH3_2.xyz,6.040141126930355,478.320937169091,844.097658176884
Hf-дл-29=Me_30=CF3_31=NO2.xyz,8.16019066154829,453.6381353672433,793.1334956045307
Hf-дл-29=Me_30=CF3_31=OMe.xyz,8.320194400010015,464.82044193277005,805.4816127459791
Hf-дл-29=Me_30=CF3_31=Ph.xyz,7.980186455778844,513.7318254019999,913.3197954342646
Hf-дл-29=Me_30=Cl_31=CF3.xyz,7.600177576932227,443.8505335958927,773.2343502268092
Hf-дл-29=Me_30=Cl_31=Cl.xyz,8.430196970202461,428.6822007817496,736.969616809503
Hf-дл-29=Me_30=Cl_31=Et.xyz,7.870183885586397,446.68238710724603,776.2352777777987
Hf-дл-29=Me_30=Cl_31=F.xyz,8.710203512510493,417.7617054930295,712.9111462470062
Hf-дл-29=Me_30=Cl_31=Me.xyz,7.800182250009396,429.78243978417237,738.5832742448097
Hf-дл-29=Me_30=Cl_31=NCH3_2.xyz,6.090142295199648,461.70249862082596,807.8939172751689
Hf-дл-29=Me_30=Cl_31=NO2.xyz,8.020187390394275,431.11996326324993,749.2821936536384
Hf-дл-29=Me_30=Cl_31=OMe.xyz,8.110189493278998,445.2120571739981,765.3350160621854
Hf-дл-29=Me_30=Cl_31=Ph.xyz,7.990186689432704,493.0033217055924,871.5395983833789
Hf-дл-29=Me_30=Et_31=CF3.xyz,7.8501834182786885,473.41065520962474,824.8119593540575
Hf-дл-29=Me_30=Et_31=Cl.xyz,8.520199073087184,451.97235814094734,781.5770335936708
Hf-дл-29=Me_30=Et_31=Et.xyz,4.94011542500595,482.5924926508002,834.9713652775567
Hf-дл-29=Me_30=Et_31=F.xyz,8.870207250972218,442.7219706461664,760.9766458703563
Hf-дл-29=Me_30=Et_31=Me.xyz,7.950185754817273,455.1125985510244,786.1816668653689
Hf-дл-29=Me_30=Et_31=NCH3_2.xyz,6.0201406596226334,482.85265500499776,850.829553980529
Hf-дл-29=Me_30=Et_31=NO2.xyz,8.4201967365486,459.3399450634288,800.6532748548902
Hf-дл-29=Me_30=Et_31=OMe.xyz,8.080188792317427,468.9922643360006,812.0096864763029
Hf-дл-29=Me_30=Et_31=Ph.xyz,8.000186923086567,510.17351440015057,911.1465037040053
Hf-дл-29=Me_30=F_31=CF3.xyz,8.310194166356167,432.580215439308,746.8863932620461
Hf-дл-29=Me_30=F_31=Cl.xyz,9.030210989433957,421.33166866531514,716.8670367503094
Hf-дл-29=Me_30=F_31=Et.xyz,7.990186689432704,433.1619343985828,747.7143210156017
Hf-дл-29=Me_30=F_31=F.xyz,9.020210755780095,411.63105096104107,695.5168888633114
Hf-дл-29=Me_30=F_31=Me.xyz,8.320194400010015,422.2418961283091,720.070523759445
Hf-дл-29=Me_30=F_31=NCH3_2.xyz,7.080165426931607,453.1720275310078,785.678199753236
Hf-дл-29=Me_30=F_31=NO2.xyz,8.65020211058734,428.03902834223123,733.4111140224588
Hf-дл-29=Me_30=F_31=OMe.xyz,7.790182016355535,440.44122736129754,745.4940636525363
Hf-дл-29=Me_30=F_31=Ph.xyz,8.520199073087184,489.3828585322107,854.6847380826237
Hf-дл-29=Me_30=Me_31=CF3.xyz,6.820159351931298,448.3906903164707,778.3442544072778
Hf-дл-29=Me_30=Me_31=Cl.xyz,8.63020164327963,430.3623814389567,740.7865929280017
Hf-дл-29=Me_30=Me_31=Et.xyz,7.540176175009086,447.56256839707083,776.9907066047735
Hf-дл-29=Me_30=Me_31=F.xyz,8.730203979818203,421.94191444454697,720.2617393762232
Hf-дл-29=Me_30=Me_31=Me.xyz,8.100189259625138,432.6125887054176,743.9317832168335
Hf-дл-29=Me_30=Me_31=NCH3_2.xyz,5.910138089430201,464.7627039901799,812.9300767581472
Hf-дл-29=Me_30=Me_31=NO2.xyz,8.020187390394275,433.69018003995984,752.5717357763053
Hf-дл-29=Me_30=Me_31=OMe.xyz,8.19019136250986,450.3123060881867,772.7440413491747
Hf-дл-29=Me_30=Me_31=Ph.xyz,8.040187857701996,494.88349874710724,874.9613217407407
Hf-дл-29=Me_30=NCH3_2_31=CF3.xyz,8.130189960586721,475.88090742820174,841.2750538517655
Hf-дл-29=Me_30=NCH3_2_31=Cl.xyz,8.480198138471753,460.80245953410514,807.2616373978093
Hf-дл-29=Me_30=NCH3_2_31=Et.xyz,7.720180380778534,476.9325220797149,843.8404376123489
Hf-дл-29=Me_30=NCH3_2_31=F.xyz,8.570200241356478,452.7119960588701,787.1470882323467
Hf-дл-29=Me_30=NCH3_2_31=Me.xyz,8.060188325009706,464.1226491954194,812.2257784306984
Hf-дл-29=Me_30=NCH3_2_31=NCH3_2.xyz,5.710133416353031,495.5827578684772,880.301259346376
Hf-дл-29=Me_30=NCH3_2_31=NO2.xyz,8.070188558663567,465.1103958291456,821.329784654867
Hf-дл-29=Me_30=NCH3_2_31=OMe.xyz,8.4201967365486,476.5724853072101,835.7834452528507
Hf-дл-29=Me_30=NCH3_2_31=Ph.xyz,7.880184119240258,524.6934562845671,943.1824551366941
Hf-дл-29=Me_30=NO2_31=CF3.xyz,6.740157482700422,452.8982194164344,792.3800502622469
Hf-дл-29=Me_30=NO2_31=Cl.xyz,8.720203746164355,433.1399242076621,751.9304390967476
Hf-дл-29=Me_30=NO2_31=Et.xyz,5.150120331736967,463.4300910149285,805.013942215437
Hf-дл-29=Me_30=NO2_31=F.xyz,8.940208886549232,425.84930072853246,732.5751088341996
Hf-дл-29=Me_30=NO2_31=Me.xyz,7.960185988471121,436.6201327929614,756.0387919874009
Hf-дл-29=Me_30=NO2_31=NCH3_2.xyz,6.170144164430511,467.58039042253824,823.7249442879408
Hf-дл-29=Me_30=NO2_31=NO2.xyz,8.610201175971909,441.0375044250272,770.748306615584
Hf-дл-29=Me_30=NO2_31=OMe.xyz,8.050188091355844,453.18958327698175,783.5800651013502
Hf-дл-29=Me_30=NO2_31=Ph.xyz,8.16019066154829,495.55137831825647,883.1269777925653
Hf-дл-29=Me_30=OMe_31=CF3.xyz,8.38019580193317,454.5806455871725,794.0130527304309
Hf-дл-29=Me_30=OMe_31=Cl.xyz,9.090212391357097,444.6020030147264,764.6632763962726
Hf-дл-29=Me_30=OMe_31=Et.xyz,7.600177576932227,459.6921763000108,799.8525522874954
Hf-дл-29=Me_30=OMe_31=F.xyz,9.500221971165283,434.58157471276047,742.4322073979284
Hf-дл-29=Me_30=OMe_31=Me.xyz,7.200168230777901,451.512110568823,771.8746866914472
Hf-дл-29=Me_30=OMe_31=NCH3_2.xyz,5.680132715391461,483.8222025828361,841.602415058093
Hf-дл-29=Me_30=OMe_31=NO2.xyz,8.830206316356787,452.37953106953745,782.2369112778273
Hf-дл-29=Me_30=OMe_31=OMe.xyz,7.4701745394320715,466.2115966866077,795.5208451781488
Hf-дл-29=Me_30=OMe_31=Ph.xyz,8.260192998086875,503.31319311467814,896.4841505414587
Hf-дл-29=Me_30=Ph_31=CF3.xyz,7.970186222124982,505.0817729282737,903.1423143901253
Hf-дл-29=Me_30=Ph_31=Cl.xyz,8.710203512510493,489.24330938898703,866.8553912190588
Hf-дл-29=Me_30=Ph_31=Et.xyz,7.700179913470811,502.6533515443566,900.5306477358956
Hf-дл-29=Me_30=Ph_31=F.xyz,8.510198839433324,485.15293460071024,850.8763666466343
Hf-дл-29=Me_30=Ph_31=Me.xyz,8.140190194240569,493.41349241714875,871.323013575558
Hf-дл-29=Me_30=Ph_31=NCH3_2.xyz,6.4901516413539735,519.3833394114367,934.965626238914
Hf-дл-29=Me_30=Ph_31=NO2.xyz,8.350195100971598,497.14124706126114,885.3633968771813
Hf-дл-29=Me_30=Ph_31=OMe.xyz,8.010187156740413,512.3732559992183,904.322938178509
Hf-дл-29=Me_30=Ph_31=Ph.xyz,8.09018902597129,547.2042644672945,996.2308076204782
Hf-дл-29=NCH3_2_30=CF3_31=CF3.xyz,6.610154445200267,497.56899871645277,883.2065498249032
Hf-дл-29=NCH3_2_30=CF3_31=Cl.xyz,8.670202577895061,480.10064555965715,846.3588854935335
Hf-дл-29=NCH3_2_30=CF3_31=Et.xyz,5.260122901929413,507.5107988989675,895.0784988777355
Hf-дл-29=NCH3_2_30=CF3_31=F.xyz,9.050211456741666,471.3001759816157,824.8584606243295
Hf-дл-29=NCH3_2_30=CF3_31=Me.xyz,8.15019042789443,481.44087642761775,847.6509145471717
Hf-дл-29=NCH3_2_30=CF3_31=NCH3_2.xyz,5.920138323084048,515.5709842615009,918.6509839037313
Hf-дл-29=NCH3_2_30=CF3_31=NO2.xyz,8.070188558663567,485.71843735910926,861.8481575549007
Hf-дл-29=NCH3_2_30=CF3_31=OMe.xyz,7.790182016355535,494.7805093789887,872.3016129868897
Hf-дл-29=NCH3_2_30=CF3_31=Ph.xyz,8.09018902597129,548.5719511201513,983.332124995081
Hf-дл-29=NCH3_2_30=Cl_31=CF3.xyz,7.1301665952009,477.24064738998277,842.2010895799926
Hf-дл-29=NCH3_2_30=Cl_31=Cl.xyz,8.400196269240892,462.38229225106016,807.094815679318
Hf-дл-29=NCH3_2_30=Cl_31=Et.xyz,6.0201406596226334,479.0624899294666,845.1175736436371
Hf-дл-29=NCH3_2_30=Cl_31=F.xyz,8.88020748462608,452.74181042283715,783.4741915063632
Hf-дл-29=NCH3_2_30=Cl_31=Me.xyz,7.830182950970967,463.68253287632774,808.7857586154653
Hf-дл-29=NCH3_2_30=Cl_31=NCH3_2.xyz,5.9301385567379095,498.4226106447806,880.2605459431837
Hf-дл-29=NCH3_2_30=Cl_31=NO2.xyz,7.870183885586397,465.980050195812,819.8934527658214
Hf-дл-29=NCH3_2_30=Cl_31=OMe.xyz,8.060188325009706,476.4222680418897,832.2254638714847
Hf-дл-29=NCH3_2_30=Cl_31=Ph.xyz,8.000186923086567,529.0234389946927,942.4288945377735
Hf-дл-29=NCH3_2_30=Et_31=CF3.xyz,7.300170567316486,506.48075606883503,893.7400877834558
Hf-дл-29=NCH3_2_30=Et_31=Cl.xyz,8.480198138471753,491.6324213148137,859.5273022694217
Hf-дл-29=NCH3_2_30=Et_31=Et.xyz,5.060118228852244,521.6325309057406,911.8420466984082
Hf-дл-29=NCH3_2_30=Et_31=F.xyz,8.790205381741355,484.36190615037304,838.8266274562566
Hf-дл-29=NCH3_2_30=Et_31=Me.xyz,7.900184586547981,494.0526259871673,862.7183222600211
Hf-дл-29=NCH3_2_30=Et_31=NCH3_2.xyz,5.820135986545477,520.0227646823492,924.0790703872239
Hf-дл-29=NCH3_2_30=Et_31=NO2.xyz,7.900184586547981,492.89028191498096,868.9933344595568
Hf-дл-29=NCH3_2_30=Et_31=OMe.xyz,7.89018435289412,506.1223875424824,884.9602907547608
Hf-дл-29=NCH3_2_30=Et_31=Ph.xyz,8.000186923086567,546.4136226265559,981.9904562925303
Hf-дл-29=NCH3_2_30=F_31=CF3.xyz,6.970162856739162,468.85007863961334,820.4362007415533
Hf-дл-29=NCH3_2_30=F_31=Cl.xyz,8.680202811548924,454.4017744741851,787.9865771447915
Hf-дл-29=NCH3_2_30=F_31=Et.xyz,8.080188792317427,471.05207956726565,824.5990309502287
Hf-дл-29=NCH3_2_30=F_31=F.xyz,8.63020164327963,442.90129370478695,761.2542395636793
Hf-дл-29=NCH3_2_30=F_31=Me.xyz,8.180191128856013,455.0920428683434,789.0712022747815
Hf-дл-29=NCH3_2_30=F_31=NCH3_2.xyz,7.150167062508609,487.2122100042274,856.7416207862415
Hf-дл-29=NCH3_2_30=F_31=NO2.xyz,7.900184586547981,457.2195396849652,799.0686893472335
Hf-дл-29=NCH3_2_30=F_31=OMe.xyz,8.490198372125615,474.60157143434407,819.4309101729366
Hf-дл-29=NCH3_2_30=F_31=Ph.xyz,8.670202577895061,517.4530366117984,918.1348458130747
Hf-дл-29=NCH3_2_30=Me_31=CF3.xyz,7.2901703336626245,479.34085215305026,844.8668232163375
Hf-дл-29=NCH3_2_30=Me_31=Cl.xyz,8.36019533462546,463.09251963592266,809.2327687292485
Hf-дл-29=NCH3_2_30=Me_31=Et.xyz,7.720180380778534,482.8826790964313,850.443141968206
Hf-дл-29=NCH3_2_30=Me_31=F.xyz,8.65020211058734,454.6620068132736,786.7035372333921
Hf-дл-29=NCH3_2_30=Me_31=Me.xyz,7.930185287509551,465.5327299497098,812.5540861647848
Hf-дл-29=NCH3_2_30=Me_31=NCH3_2.xyz,5.690132949045309,501.31277790233673,884.9829256917602
Hf-дл-29=NCH3_2_30=Me_31=NO2.xyz,7.8501834182786885,467.4502703334963,821.515304735802
Hf-дл-29=NCH3_2_30=Me_31=OMe.xyz,7.86018365193255,478.4024945221117,836.0827069666601
Hf-дл-29=NCH3_2_30=Me_31=Ph.xyz,8.000186923086567,531.7036243810088,946.4171027420174
Hf-дл-29=NCH3_2_30=NCH3_2_31=CF3.xyz,8.310194166356167,509.92103818793095,911.9597593846564
Hf-дл-29=NCH3_2_30=NCH3_2_31=Cl.xyz,8.350195100971598,494.65257622088416,877.6953535214556
Hf-дл-29=NCH3_2_30=NCH3_2_31=Et.xyz,7.030164258662315,507.66271124684056,908.8742984064859
Hf-дл-29=NCH3_2_30=NCH3_2_31=F.xyz,8.230192297125292,486.2621166231269,856.9479634386533
Hf-дл-29=NCH3_2_30=NCH3_2_31=Me.xyz,7.040164492316176,495.3728681462058,877.7841862402704
Hf-дл-29=NCH3_2_30=NCH3_2_31=NCH3_2.xyz,5.680132715391461,531.2328785917582,952.4271825955319
Hf-дл-29=NCH3_2_30=NCH3_2_31=NO2.xyz,8.210191829817584,499.2905500990401,891.920043538014
Hf-дл-29=NCH3_2_30=NCH3_2_31=OMe.xyz,7.740180848086243,517.1024026541264,911.2214323394928
Hf-дл-29=NCH3_2_30=NCH3_2_31=Ph.xyz,8.16019066154829,557.7937371937358,1011.8300992212633
Hf-дл-29=NCH3_2_30=NO2_31=CF3.xyz,6.690156314431129,485.8684496128019,861.5508058613085
Hf-дл-29=NCH3_2_30=NO2_31=Cl.xyz,8.820206082702926,466.8901048566949,822.1063611291768
Hf-дл-29=NCH3_2_30=NO2_31=Et.xyz,5.530129210583584,487.48057591006665,864.1076058207667
Hf-дл-29=NCH3_2_30=NO2_31=F.xyz,8.400196269240892,458.89942726556546,801.2998884654456
Hf-дл-29=NCH3_2_30=NO2_31=Me.xyz,7.970186222124982,468.7403516619956,824.0194351973373
Hf-дл-29=NCH3_2_30=NO2_31=NCH3_2.xyz,5.960139257699493,498.5905922466169,891.9063781061802
Hf-дл-29=NCH3_2_30=NO2_31=NO2.xyz,8.440197203856323,478.14747309199186,844.1190425811071
Hf-дл-29=NCH3_2_30=NO2_31=OMe.xyz,7.830182950970967,484.4498244848384,851.4621362187984
Hf-дл-29=NCH3_2_30=NO2_31=Ph.xyz,8.300193932702307,530.8215264387892,954.7147212352329
Hf-дл-29=NCH3_2_30=OMe_31=CF3.xyz,7.010163791354593,494.32056902125896,873.0383171485101
Hf-дл-29=NCH3_2_30=OMe_31=Cl.xyz,9.080212157703249,477.4722008919859,834.9345226462926
Hf-дл-29=NCH3_2_30=OMe_31=Et.xyz,7.990186689432704,493.5423088447517,872.4586723525647
Hf-дл-29=NCH3_2_30=OMe_31=F.xyz,9.550223139434575,464.26184550489614,808.7399816508394
Hf-дл-29=NCH3_2_30=OMe_31=Me.xyz,8.450197437510184,477.5523557472978,836.2045958666241
Hf-дл-29=NCH3_2_30=OMe_31=NCH3_2.xyz,5.8101357528916155,513.9224563095923,909.4639731269685
Hf-дл-29=NCH3_2_30=OMe_31=NO2.xyz,8.6602023442412,485.00992942690675,853.7475771854254
Hf-дл-29=NCH3_2_30=OMe_31=OMe.xyz,9.15021379328025,491.40230366197903,861.2507555256919
Hf-дл-29=NCH3_2_30=OMe_31=Ph.xyz,8.170190895202152,537.493305304863,966.286501170903
Hf-дл-29=NCH3_2_30=Ph_31=CF3.xyz,6.480151407700112,543.4619108115766,977.8513556848401
Hf-дл-29=NCH3_2_30=Ph_31=Cl.xyz,8.65020211058734,523.3734317559404,937.3200454979881
Hf-дл-29=NCH3_2_30=Ph_31=Et.xyz,7.740180848086243,540.5133765667673,974.485500686158
Hf-дл-29=NCH3_2_30=Ph_31=F.xyz,9.050211456741666,523.863136122173,926.4473406038231
Hf-дл-29=NCH3_2_30=Ph_31=Me.xyz,8.120189726932859,527.633611086583,942.2584591079252
Hf-дл-29=NCH3_2_30=Ph_31=NCH3_2.xyz,6.340148136546096,555.8934337050439,1007.4412498466163
Hf-дл-29=NCH3_2_30=Ph_31=NO2.xyz,8.310194166356167,531.4613983139111,955.8875141143716
Hf-дл-29=NCH3_2_30=Ph_31=OMe.xyz,7.880184119240258,546.2835283067294,971.825396938349
Hf-дл-29=NCH3_2_30=Ph_31=Ph.xyz,8.120189726932859,582.6343921309839,1067.9341722521258
Hf-дл-29=NO2_30=CF3_31=CF3.xyz,6.750157716354283,470.4860097256011,829.1709215456183
Hf-дл-29=NO2_30=CF3_31=Cl.xyz,8.4201967365486,452.63766855421784,790.8137141774524
Hf-дл-29=NO2_30=CF3_31=Et.xyz,5.470127808660431,473.3579764726407,833.3765406770751
Hf-дл-29=NO2_30=CF3_31=F.xyz,8.790205381741355,442.7871766179021,769.0858810703047
Hf-дл-29=NO2_30=CF3_31=Me.xyz,7.900184586547981,454.05792326207956,793.2236307816179
Hf-дл-29=NO2_30=CF3_31=NCH3_2.xyz,6.000140192314924,485.2980915671017,860.0833207145392
Hf-дл-29=NO2_30=CF3_31=NO2.xyz,8.15019042789443,459.98529612832954,809.2287800636287
Hf-дл-29=NO2_30=CF3_31=OMe.xyz,8.230192297125292,471.7875948342645,822.6596689896146
Hf-дл-29=NO2_30=CF3_31=Ph.xyz,8.010187156740413,520.0689528960783,929.6081156504088
Hf-дл-29=NO2_30=Cl_31=CF3.xyz,8.270193231740736,450.94776103902007,789.3040899679569
Hf-дл-29=NO2_30=Cl_31=Cl.xyz,8.300193932702307,436.9193086105009,755.2263031660933
Hf-дл-29=NO2_30=Cl_31=Et.xyz,7.63017827789381,451.2595385376383,789.5352315941983
Hf-дл-29=NO2_30=Cl_31=F.xyz,8.680202811548924,424.7688530223686,729.4589390885458
Hf-дл-29=NO2_30=Cl_31=Me.xyz,7.700179913470811,438.18954666082607,757.3571138198043
Hf-дл-29=NO2_30=Cl_31=NCH3_2.xyz,6.050141360584217,469.3196091894581,825.5093230696423
Hf-дл-29=NO2_30=Cl_31=NO2.xyz,8.38019580193317,444.22681345865226,773.628456897882
Hf-дл-29=NO2_30=Cl_31=OMe.xyz,7.980186455778844,452.56920185968545,782.4616074550345
Hf-дл-29=NO2_30=Cl_31=Ph.xyz,7.89018435289412,502.7905172391596,890.9809273354383
Hf-дл-29=NO2_30=Et_31=CF3.xyz,6.840159819239006,471.85795330435747,831.5517680890343
Hf-дл-29=NO2_30=Et_31=Cl.xyz,8.16019066154829,453.8495339319859,792.6972060551361
Hf-дл-29=NO2_30=Et_31=Et.xyz,7.620178044239949,472.3396589564005,833.4049899771225
Hf-дл-29=NO2_30=Et_31=F.xyz,8.680202811548924,449.9890604709661,778.0546758035466
Hf-дл-29=NO2_30=Et_31=Me.xyz,7.92018505385569,454.80973130484995,794.9675000221206
Hf-дл-29=NO2_30=Et_31=NCH3_2.xyz,6.050141360584217,490.9797779814781,869.2000717244495
Hf-дл-29=NO2_30=Et_31=NO2.xyz,8.550199774048755,462.7472571564057,813.4426044495489
Hf-дл-29=NO2_30=Et_31=OMe.xyz,8.130189960586721,468.9494840165302,820.3423381739119
Hf-дл-29=NO2_30=Et_31=Ph.xyz,8.070188558663567,517.3806631764035,928.1561589165625
Hf-дл-29=NO2_30=F_31=CF3.xyz,7.490175006739794,443.32712092648086,769.9059146339893
Hf-дл-29=NO2_30=F_31=Cl.xyz,8.450197437510184,424.49891172457023,730.6404896642297
Hf-дл-29=NO2_30=F_31=Et.xyz,7.66017897885538,440.8690420927864,765.2491645237973
Hf-дл-29=NO2_30=F_31=F.xyz,8.460197671164032,415.14833206524446,707.4490730613691
Hf-дл-29=NO2_30=F_31=Me.xyz,7.600177576932227,429.2789859095146,736.2736338245328
Hf-дл-29=NO2_30=F_31=NCH3_2.xyz,6.240145800007512,460.1191509630944,803.6080521994437
Hf-дл-29=NO2_30=F_31=NO2.xyz,8.080188792317427,430.18650057581965,744.6233127314498
Hf-дл-29=NO2_30=F_31=OMe.xyz,8.310194166356167,442.6187908005431,758.5792289037988
Hf-дл-29=NO2_30=F_31=Ph.xyz,8.000186923086567,492.560080964014,868.2293132814414
Hf-дл-29=NO2_30=Me_31=CF3.xyz,6.820159351931298,453.8579048656259,793.4622777392967
Hf-дл-29=NO2_30=Me_31=Cl.xyz,8.5902007086642,436.64956281700154,757.1547224275357
Hf-дл-29=NO2_30=Me_31=Et.xyz,7.650178745201519,456.01970651686764,797.133192298706
Hf-дл-29=NO2_30=Me_31=F.xyz,8.540199540394907,428.15898995799733,734.3518996559594
Hf-дл-29=NO2_30=Me_31=Me.xyz,7.9401855211634125,439.65975506382813,761.1124259011671
Hf-дл-29=NO2_30=Me_31=NCH3_2.xyz,6.120142996161218,472.1498059338169,830.3440395293496
Hf-дл-29=NO2_30=Me_31=NO2.xyz,8.520199073087184,445.4271141431121,775.2041414701201
Hf-дл-29=NO2_30=Me_31=OMe.xyz,7.970186222124982,456.10936877189675,788.5939106027762
Hf-дл-29=NO2_30=Me_31=Ph.xyz,8.040187857701996,500.54074879675295,889.5053576799324
Hf-дл-29=NO2_30=NCH3_2_31=CF3.xyz,8.270193231740736,483.2781997749149,858.6992862099609
Hf-дл-29=NO2_30=NCH3_2_31=Cl.xyz,8.36019533462546,467.00972567311976,823.0429762947962
Hf-дл-29=NO2_30=NCH3_2_31=Et.xyz,7.5601766423167955,483.58974407188987,860.658848407988
Hf-дл-29=NO2_30=NCH3_2_31=F.xyz,8.36019533462546,461.5491099636748,805.9191245441327
Hf-дл-29=NO2_30=NCH3_2_31=Me.xyz,8.020187390394275,471.429896031143,830.0052117813847
Hf-дл-29=NO2_30=NCH3_2_31=NCH3_2.xyz,5.70013318269917,504.16987778283846,898.9825461162685
Hf-дл-29=NO2_30=NCH3_2_31=NO2.xyz,8.170190895202152,471.65765787520746,837.1732600732704
Hf-дл-29=NO2_30=NCH3_2_31=OMe.xyz,7.790182016355535,488.26945905072216,856.443543153235
Hf-дл-29=NO2_30=NCH3_2_31=Ph.xyz,7.780181782701674,530.940684809779,959.2776643022628
Hf-дл-29=NO2_30=NO2_31=CF3.xyz,6.800158884623576,459.80536868363123,809.4542396860462
Hf-дл-29=NO2_30=NO2_31=Cl.xyz,8.62020140962577,438.9971035225752,767.5380833298625
Hf-дл-29=NO2_30=NO2_31=Et.xyz,7.700179913470811,458.6673232812157,808.3877766147208
Hf-дл-29=NO2_30=NO2_31=F.xyz,8.750204447125924,432.41637306006277,747.4532117102113
Hf-дл-29=NO2_30=NO2_31=Me.xyz,7.930185287509551,443.0172880180613,772.5853267975301
Hf-дл-29=NO2_30=NO2_31=NCH3_2.xyz,6.160143930776649,474.1875002121649,840.4892458722823
Hf-дл-29=NO2_30=NO2_31=NO2.xyz,8.560200007702615,448.06464450737724,787.8419706833987
Hf-дл-29=NO2_30=NO2_31=OMe.xyz,7.840183184624827,459.60674874799395,799.0572111463689
Hf-дл-29=NO2_30=NO2_31=Ph.xyz,8.120189726932859,502.03850342304645,899.9429646121433
Hf-дл-29=NO2_30=OMe_31=CF3.xyz,8.480198138471753,460.95774934961037,810.4252592623991
Hf-дл-29=NO2_30=OMe_31=Cl.xyz,9.13021332597254,452.1290502234942,782.8698630007485
Hf-дл-29=NO2_30=OMe_31=Et.xyz,7.770181549047826,467.6595363719828,818.9535132935086
Hf-дл-29=NO2_30=OMe_31=F.xyz,8.09018902597129,444.13861763861047,758.8423948773436
Hf-дл-29=NO2_30=OMe_31=Me.xyz,7.19016799712404,457.49937564663503,786.2653562790738
Hf-дл-29=NO2_30=OMe_31=NCH3_2.xyz,6.440150473084681,487.0295047288175,855.4123430563627
Hf-дл-29=NO2_30=OMe_31=NO2.xyz,8.710203512510493,457.63672681168725,797.3688056380723
Hf-дл-29=NO2_30=OMe_31=OMe.xyz,7.43017360481664,472.95881406679956,811.4102468877398
Hf-дл-29=NO2_30=OMe_31=Ph.xyz,7.990186689432704,518.810398338133,919.8551611671584
Hf-дл-29=NO2_30=Ph_31=CF3.xyz,6.390149304815389,519.1589116895553,927.1504795901723
Hf-дл-29=NO2_30=Ph_31=Cl.xyz,8.16019066154829,497.9104909289478,886.4160322629368
Hf-дл-29=NO2_30=Ph_31=Et.xyz,7.570176875970657,509.37047013034936,916.7136437801681
Hf-дл-29=NO2_30=Ph_31=F.xyz,8.210191829817584,489.4599422997345,865.9972348878132
Hf-дл-29=NO2_30=Ph_31=Me.xyz,7.990186689432704,499.6806528541554,887.7913506724029
Hf-дл-29=NO2_30=Ph_31=NCH3_2.xyz,5.800135519237755,532.5806155028602,961.176180847182
Hf-дл-29=NO2_30=Ph_31=NO2.xyz,8.040187857701996,499.5786267058045,896.5595555469271
Hf-дл-29=NO2_30=Ph_31=OMe.xyz,7.810182483663257,521.6603599308679,923.7873662388541
Hf-дл-29=NO2_30=Ph_31=Ph.xyz,8.120189726932859,553.8813802581435,1012.6280257315964
Hf-дл-29=OMe_30=CF3_31=CF3.xyz,6.760157950008145,477.2085254398079,837.4483995981799
Hf-дл-29=OMe_30=CF3_31=Cl.xyz,8.570200241356478,459.5701125531141,799.6055753866868
Hf-дл-29=OMe_30=CF3_31=Et.xyz,5.010117060582951,488.5102708562987,850.7430308104028
Hf-дл-29=OMe_30=CF3_31=F.xyz,8.930208652895372,449.95962050150456,778.2671005687018
Hf-дл-29=OMe_30=CF3_31=Me.xyz,8.050188091355844,461.0303783376495,801.9889006387748
Hf-дл-29=OMe_30=CF3_31=NCH3_2.xyz,5.820135986545477,493.4205174853607,871.3488216478436
Hf-дл-29=OMe_30=CF3_31=NO2.xyz,8.310194166356167,467.59775942348796,818.8113747038144
Hf-дл-29=OMe_30=CF3_31=OMe.xyz,8.220192063471444,478.9899968030686,831.724991423058
Hf-дл-29=OMe_30=CF3_31=Ph.xyz,7.930185287509551,527.4214527251524,938.4578013529275
Hf-дл-29=OMe_30=Cl_31=CF3.xyz,7.370172202893487,459.280177124775,799.9623003012821
Hf-дл-29=OMe_30=Cl_31=Cl.xyz,8.680202811548924,442.4418067409685,762.3729913139445
Hf-дл-29=OMe_30=Cl_31=Et.xyz,7.950185754817273,455.73193660104204,793.8150004309689
Hf-дл-29=OMe_30=Cl_31=F.xyz,8.700203278856632,431.85135279104185,737.6194297577838
Hf-дл-29=OMe_30=Cl_31=Me.xyz,8.040187857701996,443.8320282285342,764.3339755432651
Hf-дл-29=OMe_30=Cl_31=NCH3_2.xyz,6.060141594238065,476.7720701230159,833.8875336179995
Hf-дл-29=OMe_30=Cl_31=NO2.xyz,7.900184586547981,446.4296021890415,775.6914434096161
Hf-дл-29=OMe_30=Cl_31=OMe.xyz,8.09018902597129,458.1417390802941,788.6146316815381
Hf-дл-29=OMe_30=Cl_31=Ph.xyz,8.63020164327963,509.3428736609348,897.5252879008221
Hf-дл-29=OMe_30=Et_31=CF3.xyz,7.700179913470811,488.9103095019301,851.5876289338673
Hf-дл-29=OMe_30=Et_31=Cl.xyz,8.680202811548924,465.92195545525595,807.1648623998641
Hf-дл-29=OMe_30=Et_31=Et.xyz,5.090118929813827,495.46206491576356,859.1748825846882
Hf-дл-29=OMe_30=Et_31=F.xyz,8.940208886549232,455.99160461334105,784.9848266007175
Hf-дл-29=OMe_30=Et_31=Me.xyz,7.980186455778844,468.2521796827065,810.4787576354091
Hf-дл-29=OMe_30=Et_31=NCH3_2.xyz,5.960139257699493,498.19228185252115,876.9413449641648
Hf-дл-29=OMe_30=Et_31=NO2.xyz,8.39019603558703,473.5195771362746,826.2529469972985
Hf-дл-29=OMe_30=Et_31=OMe.xyz,8.700203278856632,485.17201839383085,838.1726476567668
Hf-дл-29=OMe_30=Et_31=Ph.xyz,8.040187857701996,525.6831401604923,937.1345074056856
Hf-дл-29=OMe_30=F_31=CF3.xyz,7.060164959623885,451.6796338460015,776.917504502584
Hf-дл-29=OMe_30=F_31=Cl.xyz,8.990210054818526,433.94122645822017,741.002271905946
Hf-дл-29=OMe_30=F_31=Et.xyz,8.040187857701996,449.2615407239622,777.2576985571202
Hf-дл-29=OMe_30=F_31=F.xyz,8.740204213472063,425.4107130680914,717.8214229172131
Hf-дл-29=OMe_30=F_31=Me.xyz,8.220192063471444,435.11150416237035,742.4984621488687
Hf-дл-29=OMe_30=F_31=NCH3_2.xyz,6.660155613469559,469.0016575283411,809.6120971041887
Hf-дл-29=OMe_30=F_31=NO2.xyz,8.690203045202772,442.16877632700874,759.2020730634416
Hf-дл-29=OMe_30=F_31=OMe.xyz,8.38019580193317,452.78103953105654,767.3500220150318
Hf-дл-29=OMe_30=F_31=Ph.xyz,8.790205381741355,495.3924248783433,870.3455569877393
Hf-дл-29=OMe_30=Me_31=CF3.xyz,8.140190194240569,455.65049404790557,794.6688921523754
Hf-дл-29=OMe_30=Me_31=Cl.xyz,8.780205148087495,445.0719811756386,765.8606016307841
Hf-дл-29=OMe_30=Me_31=Et.xyz,7.780181782701674,460.7023326317623,799.1953592309404
Hf-дл-29=OMe_30=Me_31=F.xyz,8.780205148087495,435.43153985077777,745.2777517689402
Hf-дл-29=OMe_30=Me_31=Me.xyz,8.110189493278998,445.3821760063369,768.1894171653668
Hf-дл-29=OMe_30=Me_31=NCH3_2.xyz,5.9001378557763395,482.92224889484885,842.9154597550721
Hf-дл-29=OMe_30=Me_31=NO2.xyz,7.930185287509551,448.76982825689015,778.4652609067489
Hf-дл-29=OMe_30=Me_31=OMe.xyz,7.650178745201519,466.40152964517523,795.7194713109384
Hf-дл-29=OMe_30=Me_31=Ph.xyz,8.09018902597129,516.603285973855,905.7640336683803
Hf-дл-29=OMe_30=NCH3_2_31=CF3.xyz,8.290193699048446,491.9705874841519,868.1863230576054
Hf-дл-29=OMe_30=NCH3_2_31=Cl.xyz,8.000186923086567,473.46201448261905,830.1433592893459
Hf-дл-29=OMe_30=NCH3_2_31=Et.xyz,7.330171268278056,489.2920912247841,866.3649409635628
Hf-дл-29=OMe_30=NCH3_2_31=F.xyz,8.100189259625138,467.52149128734976,812.983543951908
Hf-дл-29=OMe_30=NCH3_2_31=Me.xyz,7.2601696327010545,478.2021916908209,835.1182229267399
Hf-дл-29=OMe_30=NCH3_2_31=NCH3_2.xyz,6.150143697122788,510.61230686902803,905.9476063679508
Hf-дл-29=OMe_30=NCH3_2_31=NO2.xyz,7.960185988471121,481.4297792958316,848.8255004568985
Hf-дл-29=OMe_30=NCH3_2_31=OMe.xyz,7.66017897885538,497.95188644218285,868.0429401006398
Hf-дл-29=OMe_30=NCH3_2_31=Ph.xyz,8.030187624048136,544.723467026894,970.2914642067086
Hf-дл-29=OMe_30=NO2_31=CF3.xyz,7.000163557700745,466.85779946485314,818.4530236214016
Hf-дл-29=OMe_30=NO2_31=Cl.xyz,8.730203979818203,445.0695204107895,774.8463425939019
Hf-дл-29=OMe_30=NO2_31=Et.xyz,5.520128976929723,467.53991110251906,819.3200813392963
Hf-дл-29=OMe_30=NO2_31=F.xyz,9.000210288472372,438.96889456297174,757.0129150689512
Hf-дл-29=OMe_30=NO2_31=Me.xyz,7.970186222124982,449.3097352311317,780.2623412452065
Hf-дл-29=OMe_30=NO2_31=NCH3_2.xyz,6.14014346346894,483.5096936877456,852.1535153049981
Hf-дл-29=OMe_30=NO2_31=NO2.xyz,8.520199073087184,453.56730870461485,794.6494248411718
Hf-дл-29=OMe_30=NO2_31=OMe.xyz,8.050188091355844,463.95931110884635,806.9284690471316
Hf-дл-29=OMe_30=NO2_31=Ph.xyz,8.180191128856013,509.94100490364065,908.7645245693967
Hf-дл-29=OMe_30=OMe_31=CF3.xyz,8.19019136250986,468.2800818585894,819.2325576735666
Hf-дл-29=OMe_30=OMe_31=Cl.xyz,9.100212625010958,457.06156937076435,788.760506137333
Hf-дл-29=OMe_30=OMe_31=Et.xyz,7.500175240393656,474.49195088000783,823.2347981117942
Hf-дл-29=OMe_30=OMe_31=F.xyz,8.240192530779153,449.69105065781486,766.2135252215044
Hf-дл-29=OMe_30=OMe_31=Me.xyz,7.86018365193255,462.7417484397566,795.6798707861668
Hf-дл-29=OMe_30=OMe_31=NCH3_2.xyz,6.030140893276494,497.0218242673835,864.858002369771
Hf-дл-29=OMe_30=OMe_31=NO2.xyz,8.680202811548924,466.1790398010276,806.9667700991725
Hf-дл-29=OMe_30=OMe_31=OMe.xyz,7.600177576932227,479.85117832011565,819.7140268337206
Hf-дл-29=OMe_30=OMe_31=Ph.xyz,7.9401855211634125,527.3728752994627,926.2655829849388
Hf-дл-29=OMe_30=Ph_31=CF3.xyz,7.330171268278056,524.2415330467937,935.1706479517761
Hf-дл-29=OMe_30=Ph_31=Cl.xyz,8.800205615395218,502.39292863992085,890.9267598342258
Hf-дл-29=OMe_30=Ph_31=Et.xyz,7.720180380778534,520.0429199462745,929.2059843404622
Hf-дл-29=OMe_30=Ph_31=F.xyz,9.000210288472372,502.3325855454668,880.6521594986505
Hf-дл-29=OMe_30=Ph_31=Me.xyz,8.210191829817584,507.2431129224743,896.2830982716641
Hf-дл-29=OMe_30=Ph_31=NCH3_2.xyz,6.4001495384692495,533.3229526989769,959.8146533293348
Hf-дл-29=OMe_30=Ph_31=NO2.xyz,8.410196502894738,510.24087321151774,909.2777005733839
Hf-дл-29=OMe_30=Ph_31=OMe.xyz,8.530199306741046,530.4030028884043,933.360870567621
Hf-дл-29=OMe_30=Ph_31=Ph.xyz,8.040187857701996,561.3539162558801,1021.7457061147722
Hf-дл-29=Ph_30=CF3_31=CF3.xyz,6.780158417315853,534.7099622548445,951.8130214762132
Hf-дл-29=Ph_30=CF3_31=Cl.xyz,8.750204447125924,517.141605082329,914.5858462433973
Hf-дл-29=Ph_30=CF3_31=Et.xyz,5.17012079904469,546.0617674589244,965.4219487160947
Hf-дл-29=Ph_30=CF3_31=F.xyz,8.930208652895372,507.561129359948,892.0280800481075
Hf-дл-29=Ph_30=CF3_31=Me.xyz,8.110189493278998,518.2418769404927,915.4278655747501
Hf-дл-29=Ph_30=CF3_31=NCH3_2.xyz,6.1101427625073566,550.2520320791214,984.0301706925467
Hf-дл-29=Ph_30=CF3_31=NO2.xyz,8.370195568279307,524.3792651451834,931.8979237117189
Hf-дл-29=Ph_30=CF3_31=OMe.xyz,8.400196269240892,536.7915311234296,946.0413367404631
Hf-дл-29=Ph_30=CF3_31=Ph.xyz,8.050188091355844,584.8728974056737,1052.6642853874653
Hf-дл-29=Ph_30=Cl_31=CF3.xyz,6.4001495384692495,512.3316040009298,908.6870206577127
Hf-дл-29=Ph_30=Cl_31=Cl.xyz,8.130189960586721,494.7832154015295,871.2841668171054
Hf-дл-29=Ph_30=Cl_31=Et.xyz,7.090165660585469,513.7534145443668,910.6765031138054
Hf-дл-29=Ph_30=Cl_31=F.xyz,8.820206082702926,489.99277898193446,854.4337240770149
Hf-дл-29=Ph_30=Cl_31=Me.xyz,7.750181081740104,500.8835245295709,877.9166005706608
Hf-дл-29=Ph_30=Cl_31=NCH3_2.xyz,6.120142996161218,532.443591635621,947.0733874718377
Hf-дл-29=Ph_30=Cl_31=NO2.xyz,7.790182016355535,500.6209694690973,888.6386990528595
Hf-дл-29=Ph_30=Cl_31=OMe.xyz,8.16019066154829,515.9031043822074,905.3178856203533
Hf-дл-29=Ph_30=Cl_31=Ph.xyz,8.040187857701996,563.9943995930341,1010.9057301100197
Hf-дл-29=Ph_30=Et_31=CF3.xyz,6.610154445200267,535.2818779303241,953.7497529045875
Hf-дл-29=Ph_30=Et_31=Cl.xyz,8.200191596163721,515.7334069449995,913.7040098217333
Hf-дл-29=Ph_30=Et_31=Et.xyz,7.590177343278379,535.7836051373282,955.2982844650874
Hf-дл-29=Ph_30=Et_31=F.xyz,8.65020211058734,519.0728361890349,906.0610749482262
Hf-дл-29=Ph_30=Et_31=Me.xyz,8.070188558663567,517.713681578824,916.3317136174323
Hf-дл-29=Ph_30=Et_31=NCH3_2.xyz,6.060141594238065,554.5337324791846,991.1940905219558
Hf-дл-29=Ph_30=Et_31=NO2.xyz,7.840183184624827,528.2311941230641,938.0323536467871
Hf-дл-29=Ph_30=Et_31=OMe.xyz,8.16019066154829,546.5532348039933,958.6898906370859
Hf-дл-29=Ph_30=Et_31=Ph.xyz,7.340171501931917,575.784347488222,1046.0390400202805
Hf-дл-29=Ph_30=F_31=CF3.xyz,7.110166127893177,507.66112092510605,892.8838640964369
Hf-дл-29=Ph_30=F_31=Cl.xyz,8.09018902597129,485.19276253755925,849.4277162274581
Hf-дл-29=Ph_30=F_31=Et.xyz,8.170190895202152,507.8630542070237,893.7956329725747
Hf-дл-29=Ph_30=F_31=F.xyz,8.680202811548924,477.2222123979093,828.412445381463
Hf-дл-29=Ph_30=F_31=Me.xyz,7.980186455778844,487.88299915058246,854.6860387174468
Hf-дл-29=Ph_30=F_31=NCH3_2.xyz,7.080165426931607,525.4331492926913,926.8812194857126
Hf-дл-29=Ph_30=F_31=NO2.xyz,7.760181315393965,491.81041651912153,867.2429565027785
Hf-дл-29=Ph_30=F_31=OMe.xyz,8.310194166356167,507.222570409534,881.0622065370669
Hf-дл-29=Ph_30=F_31=Ph.xyz,8.500198605779463,560.6840086209495,995.0547487536577
Hf-дл-29=Ph_30=Me_31=CF3.xyz,6.240145800007512,514.8817665681393,912.0584152792767
Hf-дл-29=Ph_30=Me_31=Cl.xyz,8.09018902597129,496.2534584004811,873.5102717982198
Hf-дл-29=Ph_30=Me_31=Et.xyz,7.69017967981695,519.9636742610523,919.7111563886131
Hf-дл-29=Ph_30=Me_31=F.xyz,8.63020164327963,491.3429403471618,857.4406032962883
Hf-дл-29=Ph_30=Me_31=Me.xyz,7.960185988471121,503.19372607138524,882.6570244145865
Hf-дл-29=Ph_30=Me_31=NCH3_2.xyz,5.960139257699493,537.6137579083138,952.6857728117295
Hf-дл-29=Ph_30=Me_31=NO2.xyz,7.840183184624827,501.5112242209365,889.0017611373863
Hf-дл-29=Ph_30=Me_31=OMe.xyz,8.170190895202152,518.5033415719904,909.323573435742
Hf-дл-29=Ph_30=Me_31=Ph.xyz,7.730180614432381,562.3646122605896,1009.1147470794681
Hf-дл-29=Ph_30=NCH3_2_31=CF3.xyz,6.380149071161528,547.4519558069933,981.44239310912
Hf-дл-29=Ph_30=NCH3_2_31=Cl.xyz,8.180191128856013,528.693532329802,942.9548332670636
Hf-дл-29=Ph_30=NCH3_2_31=Et.xyz,7.43017360481664,545.9436276457517,981.3081170076573
Hf-дл-29=Ph_30=NCH3_2_31=F.xyz,8.38019580193317,523.7131002204562,926.4928725716668
Hf-дл-29=Ph_30=NCH3_2_31=Me.xyz,7.770181549047826,532.6337351105802,948.7964923391213
Hf-дл-29=Ph_30=NCH3_2_31=NCH3_2.xyz,5.650132014429878,567.4138684068594,1020.866245939375
Hf-дл-29=Ph_30=NCH3_2_31=NO2.xyz,7.870183885586397,533.2914621870533,957.81114395909
Hf-дл-29=Ph_30=NCH3_2_31=OMe.xyz,7.910184820201842,543.093497834782,969.3269349412587
Hf-дл-29=Ph_30=NCH3_2_31=Ph.xyz,6.840159819239006,585.1343508136451,1069.2702593030642
Hf-дл-29=Ph_30=NO2_31=CF3.xyz,6.720157015392713,523.609339992742,931.2035643310948
Hf-дл-29=Ph_30=NO2_31=Cl.xyz,8.710203512510493,504.3110033576907,892.2192331564868
Hf-дл-29=Ph_30=NO2_31=Et.xyz,5.330124537506414,532.9312415885648,942.7158966108599
Hf-дл-29=Ph_30=NO2_31=F.xyz,9.13021332597254,496.21025680836533,871.6402494879388
Hf-дл-29=Ph_30=NO2_31=Me.xyz,8.040187857701996,506.4712555520924,893.9239155696166
Hf-дл-29=Ph_30=NO2_31=NCH3_2.xyz,6.370148837507666,539.431499112299,964.4781981594463
Hf-дл-29=Ph_30=NO2_31=NO2.xyz,8.800205615395218,513.7086744006434,912.7390250620936
Hf-дл-29=Ph_30=NO2_31=OMe.xyz,8.220192063471444,522.9206401093734,923.0550568482385
Hf-дл-29=Ph_30=NO2_31=Ph.xyz,8.200191596163721,571.3924368229013,1028.2810541398833
Hf-дл-29=Ph_30=OMe_31=CF3.xyz,8.340194867317738,526.0918066861783,934.562331533605
Hf-дл-29=Ph_30=OMe_31=Cl.xyz,9.100212625010958,513.9031197740758,904.3785901350288
Hf-дл-29=Ph_30=OMe_31=Et.xyz,7.520175707701364,529.3734199751779,938.5711741026778
Hf-дл-29=Ph_30=OMe_31=F.xyz,9.42022010193442,504.5026905622903,882.9004067186889
Hf-дл-29=Ph_30=OMe_31=Me.xyz,8.540199540394907,514.8633446049297,906.3648058031687
Hf-дл-29=Ph_30=OMe_31=NCH3_2.xyz,6.080142061545787,554.1333927397861,977.9524702096207
Hf-дл-29=Ph_30=OMe_31=NO2.xyz,9.050211456741666,521.4908176445698,922.6402427398114
Hf-дл-29=Ph_30=OMe_31=OMe.xyz,7.530175941355226,538.3227184347181,935.5283873050936
Hf-дл-29=Ph_30=OMe_31=Ph.xyz,7.92018505385569,578.9943459092892,1040.0146667228648
Hf-дл-29=Ph_30=Ph_31=CF3.xyz,7.4701745394320715,579.9928828426092,1046.9968185899656
Hf-дл-29=Ph_30=Ph_31=Cl.xyz,7.830182950970967,559.6443373911227,1006.5540368603722
Hf-дл-29=Ph_30=Ph_31=Et.xyz,7.700179913470811,574.5444205592906,1041.6172611635286
Hf-дл-29=Ph_30=Ph_31=F.xyz,8.300193932702307,555.7040566444366,990.0175981689308
Hf-дл-29=Ph_30=Ph_31=Me.xyz,7.3501717355857785,565.7546827299503,1012.9456053034314
Hf-дл-29=Ph_30=Ph_31=NCH3_2.xyz,6.120142996161218,596.6245200652008,1082.1830464283612
Hf-дл-29=Ph_30=Ph_31=NO2.xyz,7.69017967981695,562.4324180835142,1018.6724507307483
Hf-дл-29=Ph_30=Ph_31=OMe.xyz,7.830182950970967,582.1244063621823,1041.4787018146935
Hf-дл-29=Ph_30=Ph_31=Ph.xyz,8.120189726932859,618.5653308660237,1135.8958206604743
